timestamp,session_id,CPT_RT_mean,CPT_RT_std,CPT_CV,CPT_omission,CPT_commission,CPT_dprime,CPT_sustained_slope,Stroop_interference,Flanker_effect
2026-03-11T18:25:14.000Z,sim_session_0403,286.848049,170.6735219,0.4252320066,20,5,0.1041611118,0.3872746691,73.79985118,30.96477424
2026-03-06T05:05:52.000Z,sim_session_0277,333.3302967,243.6263974,0.6605320439,25,2,-0.7192291733,0.3231875134,115.5307679,82.48913599
2026-03-11T22:39:11.000Z,sim_session_0407,317.8686576,135.7789354,0.3367218993,18,3,-0.2203157287,0.4136873321,78.41518339,43.68688629
2026-03-06T10:23:19.000Z,sim_session_0282,381.5054043,225.2495331,0.5740120576,27,5,-0.1850069182,0.1954441873,105.1288644,76.88108688
2026-03-02T18:33:54.000Z,sim_session_0199,359.723342,210.9536959,0.5349617708,18,5,-0.6309221721,0.1851927595,104.3652857,75.56987847
2026-03-13T14:51:41.000Z,sim_session_0445,302.3118059,132.0493142,0.4187878688,15,5,0.4084801566,0.4256458911,79.80867567,52.05980918
2026-03-14T07:47:28.000Z,sim_session_0461,266.6674739,130.1020509,0.4581807216,19,3,0.09442715785,0.3440299729,77.52838519,49.36737293
2026-03-04T02:18:30.000Z,sim_session_0229,420.282598,210.9145007,0.568984379,24,6,-0.1141797271,0.1967662881,115.3069394,78.03995702
2026-03-05T12:10:05.000Z,sim_session_0261,386.2309955,226.0616248,0.5810800657,25,6,-0.9740738322,-0.01864419788,111.5008113,83.23990256
2026-02-27T22:50:44.000Z,sim_session_0135,388.6597217,83.7876264,0.2125064867,6,4,1.18666915,0.7290563762,63.28786062,13.91279413
2026-03-05T04:45:40.000Z,sim_session_0254,384.4120909,291.0972179,0.5985503168,19,7,-0.04340769276,0.3202700807,105.7339502,91.64944445
2026-03-02T23:51:20.000Z,sim_session_0204,367.6854725,189.6517639,0.6239139468,21,5,-0.4956057946,0.2878954028,95.0262683,66.8970325
2026-02-26T15:06:07.000Z,sim_session_0105,419.3290505,126.7168251,0.1920821687,11,0,0.6829609778,0.6451768601,63.8202347,4.187856099
2026-03-04T10:46:24.000Z,sim_session_0237,371.3431228,168.0477702,0.5324237632,26,8,-0.3723620664,0.3259114849,109.0503469,76.6783147
2026-03-10T13:51:05.000Z,sim_session_0376,308.1630335,150.6530987,0.3990630816,16,2,0.1467496323,0.2926297587,62.91375323,34.43024811
2026-03-10T21:15:29.000Z,sim_session_0383,334.4648216,126.5425226,0.3984897986,13,5,0.8822600818,0.4721225373,85.23259417,34.07728505
2026-02-23T10:55:04.000Z,sim_session_0033,418.8425626,84.86556435,0.2898398645,15,1,1.459148404,0.5671474777,59.50940523,4.735507446
2026-03-03T13:36:39.000Z,sim_session_0217,337.1112903,208.6121052,0.4987735544,29,4,-0.6145464543,0.141394836,111.6432066,73.59509928
2026-03-14T18:22:20.000Z,sim_session_0471,326.0196284,140.7783713,0.366059001,15,3,0.3666396728,0.3973044164,76.50740655,43.50569193
2026-02-26T14:02:38.000Z,sim_session_0104,395.4740647,118.2424652,0.3082086839,13,3,1.465918188,0.6490766709,69.60245007,11.44679578
2026-02-28T03:04:41.000Z,sim_session_0139,475.5037797,104.0617802,0.2890591223,8,2,1.432348411,0.5961461738,73.91718434,7.588837606
2026-02-24T01:43:53.000Z,sim_session_0047,385.5839046,102.2373229,0.2692594994,12,5,0.7853455454,0.6392827468,51.67564849,12.37348544
2026-03-15T20:49:31.000Z,sim_session_0496,334.6543512,153.4624463,0.3995188032,17,6,0.05489740478,0.4297933177,69.74846651,52.49934524
2026-03-14T22:36:17.000Z,sim_session_0475,300.3275862,159.1545992,0.3904200546,17,3,0.7225346533,0.1460792083,80.5850144,36.75378544
2026-03-08T02:35:49.000Z,sim_session_0320,370.6953067,235.7519498,0.5876191866,30,6,-0.3786132397,0.2511513702,111.416567,76.0280569
2026-02-22T04:13:56.000Z,sim_session_0004,426.5815763,103.1968705,0.2552655635,12,4,1.36294628,0.5334490293,61.85729058,10.58342905
2026-02-27T10:08:53.000Z,sim_session_0123,406.1620163,146.0713014,0.3052066049,14,3,0.8543253476,0.5759562803,60.81625038,10.39494358
2026-03-07T20:14:53.000Z,sim_session_0314,424.475273,276.9798415,0.4667821803,35,4,-0.1077306823,0.2970497981,100.0430977,84.93267794
2026-03-04T11:49:53.000Z,sim_session_0238,454.6394788,215.769506,0.5140259227,22,4,-0.1253722577,0.1635622707,111.2736248,79.36491326
2026-03-10T06:26:40.000Z,sim_session_0369,302.1711515,144.1378866,0.4311531887,21,4,0.4755742594,0.4064136802,70.28303818,38.17114926
2026-02-25T23:13:49.000Z,sim_session_0090,423.9375026,108.4421178,0.2875865444,8,2,1.29343585,0.559800742,61.95283511,11.36602011
2026-03-13T05:20:18.000Z,sim_session_0436,310.312844,162.2089381,0.431603022,14,3,0.07333778438,0.2943734592,80.28676243,42.45916773
2026-02-23T23:36:54.000Z,sim_session_0045,422.0248362,117.6491567,0.3048855713,4,2,0.7553443808,0.366638388,54.57388448,13.7471695
2026-03-07T01:12:08.000Z,sim_session_0296,345.2103656,204.7518616,0.5300225529,24,6,-0.762297385,0.2691062566,124.3597812,75.35619608
2026-03-01T23:31:08.000Z,sim_session_0181,397.7245175,151.2049702,0.5084615059,26,6,-0.3867725648,0.3084515161,92.34779685,89.73819072
2026-03-11T08:53:51.000Z,sim_session_0394,350.1370846,166.2238217,0.3695654102,20,3,-0.0554053931,0.5033809441,63.07130262,46.4879914
2026-02-26T19:20:04.000Z,sim_session_0109,384.0785423,124.5896343,0.3020674928,11,4,0.7787192706,0.6331040155,57.57904192,7.586049206
2026-03-01T23:31:08.000Z,sim_session_0181,397.7245175,151.2049702,0.5084615059,26,6,-0.3867725648,0.3084515161,92.34779685,89.73819072
2026-03-05T06:52:39.000Z,sim_session_0256,372.9275321,180.2711262,0.6467690592,25,9,-0.3954318349,0.282640731,112.7924155,93.68784632
2026-03-03T16:47:07.000Z,sim_session_0220,365.9718777,177.5820212,0.55155236,24,4,-0.6159502462,0.2198381161,102.3278293,71.93718179
2026-03-15T11:18:08.000Z,sim_session_0487,292.6996263,158.0568537,0.3847826896,17,5,-0.1886992695,0.559702786,76.2767245,48.96660946
2026-03-08T12:07:12.000Z,sim_session_0329,359.0398326,212.1774209,0.5131863442,25,3,0.06396248691,0.1318385447,130.3140016,79.67525676
2026-02-23T17:15:59.000Z,sim_session_0039,455.3975196,108.5811268,0.3044129107,13,3,1.270320268,0.6270343239,53.09323788,9.262356599
2026-03-07T19:11:24.000Z,sim_session_0313,387.2954364,230.1148867,0.5921587155,19,7,-0.2296084577,0.09687979316,110.0917325,78.83733355
2026-03-04T03:21:59.000Z,sim_session_0230,348.0246488,143.7234334,0.4511125469,24,6,-1.014452015,0.1965525135,110.5375256,58.43991994
2026-03-06T18:51:12.000Z,sim_session_0290,301.618789,232.9488371,0.5198510844,23,2,-0.7715917257,0.1992432703,119.3037786,72.28769834
2026-03-05T20:37:59.000Z,sim_session_0269,350.174331,261.9956226,0.5282134956,25,8,0.3427538933,0.1423151527,109.8316328,98.22055221
2026-03-05T17:27:31.000Z,sim_session_0266,328.9387661,153.6064286,0.5279044991,24,5,-0.2645186887,0.1553930622,119.8019087,82.81173166
2026-02-23T08:48:05.000Z,sim_session_0031,437.8824768,129.6028681,0.2276624204,13,3,0.8668707947,0.5528475193,62.10973763,10.26233399
2026-03-02T05:52:03.000Z,sim_session_0187,402.9947284,174.4198644,0.582010683,23,6,-0.5565582009,0.28730566,104.6518866,64.2747175
2026-03-04T22:24:45.000Z,sim_session_0248,314.9582396,263.3131779,0.503826011,21,6,-0.5360769654,0.1097493494,106.9502678,92.29375718
2026-03-03T16:47:07.000Z,sim_session_0220,365.9718777,177.5820212,0.55155236,24,4,-0.6159502462,0.2198381161,102.3278293,71.93718179
2026-03-02T14:19:57.000Z,sim_session_0195,382.0078703,268.3977582,0.6633822102,21,6,-0.9704801267,0.1222394072,103.6991749,69.42845126
2026-02-22T20:06:15.000Z,sim_session_0019,443.382166,110.9003304,0.2432318271,6,3,1.673727377,0.6159991614,59.05089339,11.4291307
2026-03-07T17:04:26.000Z,sim_session_0311,337.4753606,189.6154387,0.5984902244,28,4,-0.8422105812,0.2108702153,127.2613237,60.84434836
2026-03-03T12:33:10.000Z,sim_session_0216,346.7113235,127.8857521,0.5123919566,21,4,0.3003852406,0.2056411567,112.4537101,62.23601704
2026-03-04T15:00:21.000Z,sim_session_0241,338.4338721,165.9672151,0.4961208376,24,4,-0.365983053,0.2051698321,114.8102866,85.07728452
2026-03-05T04:45:40.000Z,sim_session_0254,384.4120909,291.0972179,0.5985503168,19,7,-0.04340769276,0.3202700807,105.7339502,91.64944445
2026-03-05T10:03:07.000Z,sim_session_0259,305.6622384,210.4301754,0.548319828,23,6,0.6069743568,0.2834525547,120.4949861,88.43936892
2026-03-03T03:01:47.000Z,sim_session_0207,395.8434594,211.595419,0.5578616422,24,7,-0.6483112678,0.2235569871,118.7193437,74.38193456
2026-02-25T05:14:32.000Z,sim_session_0073,435.3218834,144.2503767,0.2702862489,5,3,0.9292730716,0.5657659061,59.34729784,1.47173892
2026-03-09T13:30:53.000Z,sim_session_0353,314.4279958,155.67774,0.415200932,15,3,0.08638375015,0.4564917281,79.83063991,30.42440406
2026-03-08T20:35:05.000Z,sim_session_0337,318.9282169,167.2895905,0.4194727419,18,4,0.04954465417,0.3928001408,83.81794097,39.16680045
2026-02-25T11:35:28.000Z,sim_session_0079,451.0499094,99.29843772,0.2796374605,9,2,0.7309566156,0.6685749035,57.19238094,4.888598592
2026-03-08T05:46:16.000Z,sim_session_0323,360.7013052,152.035315,0.5771938502,23,10,-0.5004478888,-0.02350354979,113.5736497,99.44597792
2026-03-02T02:41:35.000Z,sim_session_0184,373.596597,129.6073717,0.5875898233,26,11,-0.9400542215,0.1897337909,127.982877,91.9138964
2026-02-26T04:31:15.000Z,sim_session_0095,430.4195567,126.7316625,0.2927489769,4,4,0.9053941741,0.4557700864,59.53271005,10.41990502
2026-03-03T15:43:38.000Z,sim_session_0219,349.2655949,204.1876012,0.6348293341,20,8,-1.257268464,0.2217273158,125.7508283,84.88668524
2026-03-15T08:07:40.000Z,sim_session_0484,331.0984768,130.9347262,0.3820853435,24,4,0.4016983531,0.3630299255,70.82539833,24.69515492
2026-03-13T20:09:07.000Z,sim_session_0450,332.2353364,137.5197066,0.4159641282,16,5,0.4127190893,0.4865817003,79.99422324,44.12114936
2026-03-10T22:18:59.000Z,sim_session_0384,315.9081071,116.4210019,0.3908893782,20,4,-0.1237923068,0.2684970894,65.33185248,43.44016813
2026-03-08T20:35:05.000Z,sim_session_0337,318.9282169,167.2895905,0.4194727419,18,4,0.04954465417,0.3928001408,83.81794097,39.16680045
2026-03-08T23:45:33.000Z,sim_session_0340,339.4612713,144.980951,0.498872363,19,4,0.3012398648,0.4256491978,78.0467777,54.53697928
2026-03-15T01:46:45.000Z,sim_session_0478,291.940991,125.1318164,0.4004098674,18,4,0.9275007268,0.4336248246,58.35362226,42.2840926
2026-03-12T05:00:06.000Z,sim_session_0413,321.1235516,151.382461,0.4112341739,18,5,0.5805326283,0.4911228005,74.29455459,49.70894911
2026-03-10T10:40:37.000Z,sim_session_0373,296.8896277,114.5103873,0.406624486,18,2,0.3646523908,0.3071675869,78.39982271,31.02704127
2026-03-11T06:46:52.000Z,sim_session_0392,271.4911406,137.1959025,0.4624474613,17,5,0.4055792312,0.4471250458,65.64995643,46.56266045
2026-03-03T10:26:12.000Z,sim_session_0214,339.5909725,159.3110264,0.59331126,28,3,-0.6614368474,0.1136814338,122.9350997,66.49900882
2026-02-22T06:20:55.000Z,sim_session_0006,415.8888204,107.222443,0.2717457325,14,2,1.490483506,0.4317130228,57.32091976,10.81376533
2026-02-26T22:30:32.000Z,sim_session_0112,452.6874449,127.5768521,0.2429556074,14,2,0.703471397,0.495495629,51.83163871,10.26086659
2026-03-06T15:40:45.000Z,sim_session_0287,371.8933001,218.4087456,0.5997175234,25,9,-0.3762348641,0.2624184272,101.6673741,101.5865901
2026-03-04T04:25:28.000Z,sim_session_0231,327.9706369,216.2905557,0.5693529365,20,6,-0.09103710986,0.2777072959,109.0471421,75.32023687
2026-02-23T18:19:28.000Z,sim_session_0040,425.424324,127.6678773,0.3099947274,7,3,1.644436664,0.5256411771,53.42199986,11.01153096
2026-03-03T00:54:49.000Z,sim_session_0205,288.6795022,201.307809,0.4940847091,23,7,-0.7566170883,0.2231282023,107.0066209,86.72114315
2026-03-10T02:12:43.000Z,sim_session_0365,335.2274951,106.0280689,0.4429303133,17,3,0.2348569161,0.427734418,71.53676099,43.87767454
2026-03-07T10:43:31.000Z,sim_session_0305,400.6032496,241.84209,0.5265067375,24,7,-0.3434015851,0.1606362529,93.8092818,81.13875194
2026-03-01T09:45:48.000Z,sim_session_0168,391.3461835,120.1013323,0.4658836759,26,5,0.02481010489,0.168482561,90.65469264,67.31986083
2026-02-23T01:23:41.000Z,sim_session_0024,446.1434631,146.7479621,0.2753648296,8,3,1.272749037,0.6176573358,51.32489542,10.45244891
2026-03-12T12:24:30.000Z,sim_session_0420,319.3777041,93.68942713,0.3621897379,22,6,-0.06469691054,0.3670608463,75.29835766,52.46858849
2026-03-10T04:19:42.000Z,sim_session_0367,334.3997487,217.2128049,0.4206383391,19,5,-0.002689793276,0.3556098364,71.45681513,44.53329784
2026-03-13T18:02:08.000Z,sim_session_0448,324.6814415,154.8738115,0.3710170469,18,6,0.2947206212,0.3306813054,73.78366327,40.64523975
2026-02-28T21:03:57.000Z,sim_session_0156,412.5804579,133.8934122,0.2876772055,12,3,1.353959943,0.5581151256,77.83785473,2.160347918
2026-03-12T10:17:32.000Z,sim_session_0418,317.5762071,154.7580143,0.3973981731,22,5,0.4338423013,0.4927545777,80.25296488,36.92375541
2026-03-10T10:40:37.000Z,sim_session_0373,296.8896277,114.5103873,0.406624486,18,2,0.3646523908,0.3071675869,78.39982271,31.02704127
2026-02-28T05:11:39.000Z,sim_session_0141,447.8066408,150.7393131,0.323480344,9,3,1.012919793,0.6023355316,55.20200441,18.10035155
2026-03-12T14:31:29.000Z,sim_session_0422,330.9800339,138.7523652,0.3872357704,16,4,0.3903339501,0.4982916206,56.62397321,34.17767178
2026-03-05T04:45:40.000Z,sim_session_0254,384.4120909,291.0972179,0.5985503168,19,7,-0.04340769276,0.3202700807,105.7339502,91.64944445
2026-03-02T09:02:31.000Z,sim_session_0190,339.6663934,108.9705439,0.582049536,25,4,-0.4493613159,0.1416319643,104.7157387,86.06291156
2026-02-24T23:57:06.000Z,sim_session_0068,387.2879669,128.926443,0.2558020329,6,4,1.272493357,0.5386023199,71.60943079,7.796737892
2026-03-07T22:21:52.000Z,sim_session_0316,336.7394665,158.1894887,0.5216138928,23,8,-0.1096063799,0.184486971,124.3091902,93.68469394
2026-03-11T04:39:54.000Z,sim_session_0390,322.7676987,105.1541212,0.3749750357,21,4,0.2086566577,0.4446461021,74.57935427,40.08804952
2026-02-28T12:36:04.000Z,sim_session_0148,456.2963081,125.4019087,0.2923591475,16,3,1.397366403,0.8710745527,58.28956354,6.010586182
2026-03-08T06:49:46.000Z,sim_session_0324,415.1572101,273.2381716,0.4990119907,29,5,-0.4102842402,0.07270475713,103.5554424,73.23753303
2026-03-14T01:26:33.000Z,sim_session_0455,265.8845987,153.7586275,0.4327084643,19,4,0.4694821961,0.4170938371,69.55313311,52.95288626
2026-03-15T07:04:11.000Z,sim_session_0483,253.620611,150.1782451,0.4207641199,17,3,0.3266806623,0.2535467632,67.80938582,34.74511444
2026-03-05T21:41:28.000Z,sim_session_0270,306.7230254,241.1032428,0.4990842234,25,6,-0.8832046403,0.1016898072,112.7641436,89.95539328
2026-03-09T16:41:21.000Z,sim_session_0356,320.7241348,131.4288837,0.4191876212,19,5,0.1354963386,0.4041206067,74.56939024,44.92903699
2026-03-11T19:28:43.000Z,sim_session_0404,303.4102462,173.4094864,0.4094935242,14,2,0.7994328176,0.390968099,70.46812856,38.08205765
2026-03-10T18:05:02.000Z,sim_session_0380,310.1998507,137.1166251,0.4425724874,15,7,0.4125772435,0.4380829253,78.67567182,53.13995533
2026-03-02T21:44:21.000Z,sim_session_0202,376.9393803,189.5668617,0.4446155306,28,8,-0.2421766352,0.1120357573,116.7379439,88.60529708
2026-03-02T13:16:27.000Z,sim_session_0194,339.805127,212.5527608,0.525412629,29,4,-0.747578621,0.1343629106,104.3436125,90.99191556
2026-02-22T09:31:22.000Z,sim_session_0009,410.1422218,112.7389231,0.2685478632,6,3,1.059179298,0.6012494119,63.84597327,12.23265588
2026-03-13T00:02:52.000Z,sim_session_0431,317.4095755,127.7829358,0.4562646213,19,5,0.07330598507,0.405614334,68.13238989,37.1047633
2026-03-02T06:55:32.000Z,sim_session_0188,311.6317839,178.7249002,0.4875470015,27,5,0.44984262,0.02622854049,112.0363318,68.72046976
2026-02-24T20:46:39.000Z,sim_session_0065,489.9188959,96.46770561,0.2548760979,11,5,0.8332877062,0.6249036122,74.57039081,1.741204259
2026-03-10T20:12:00.000Z,sim_session_0382,302.8975249,188.12532,0.479290412,18,4,0.1879671101,0.5106006292,72.69756091,37.05063908
2026-03-09T13:30:53.000Z,sim_session_0353,314.4279958,155.67774,0.415200932,15,3,0.08638375015,0.4564917281,79.83063991,30.42440406
2026-03-13T05:20:18.000Z,sim_session_0436,310.312844,162.2089381,0.431603022,14,3,0.07333778438,0.2943734592,80.28676243,42.45916773
2026-03-05T20:37:59.000Z,sim_session_0269,350.174331,261.9956226,0.5282134956,25,8,0.3427538933,0.1423151527,109.8316328,98.22055221
2026-03-03T23:08:02.000Z,sim_session_0226,363.9811854,229.4734612,0.5268722142,29,4,-0.382162863,0.2922639723,116.6003749,99.16444877
2026-03-01T19:17:11.000Z,sim_session_0177,334.4647982,215.1188399,0.5726269209,26,6,0.131107282,0.0932406231,109.4506513,91.32689821
2026-03-05T18:31:00.000Z,sim_session_0267,335.5854978,165.3624046,0.467625185,26,5,-1.448878211,0.1464285127,100.9896597,95.75677592
2026-03-15T19:46:02.000Z,sim_session_0495,371.7299009,124.4541002,0.3892882171,16,4,0.4145071603,0.3946625156,82.60428142,35.68114347
2026-03-02T12:12:58.000Z,sim_session_0193,353.3655571,167.2098428,0.5555675215,23,9,-0.2973667383,0.06881968342,116.7122801,72.25348144
2026-03-13T04:16:49.000Z,sim_session_0435,303.897282,132.0908644,0.3739481549,19,4,0.3969249774,0.3683875128,67.28864719,44.66083168
2026-03-09T07:09:58.000Z,sim_session_0347,323.6527958,146.0661068,0.4222646666,18,4,0.08215667919,0.4369705926,79.6789238,35.31223
2026-02-24T05:57:50.000Z,sim_session_0051,429.2241146,126.2781642,0.2549989358,5,1,0.8647847661,0.5541324715,57.65446731,19.68615581
2026-03-04T09:42:55.000Z,sim_session_0236,359.0193775,207.7272632,0.6603262654,23,7,-0.0726151731,0.2098001914,133.3784512,76.21960708
2026-03-03T14:40:09.000Z,sim_session_0218,350.5187231,190.5547963,0.5132806121,27,6,-0.5354455781,0.1569541667,117.9654403,77.64165756
2026-03-15T18:42:32.000Z,sim_session_0494,320.6062034,140.4831856,0.4560146367,18,3,0.2259342433,0.2655763603,77.84296078,44.12895172
2026-03-06T01:55:25.000Z,sim_session_0274,344.5822249,252.9001733,0.5830973795,25,5,-0.6732930626,0.232774647,115.8416907,70.92382494
2026-03-07T02:15:37.000Z,sim_session_0297,376.9819381,190.4153138,0.5682743673,31,7,-1.209365816,0.2453995631,122.3286374,77.7840383
2026-02-22T00:00:00.000Z,sim_session_0000,439.1415124,99.20031788,0.3025135359,13,1,0.8093461479,0.6127840403,57.47005926,9.915994212
2026-03-12T14:31:29.000Z,sim_session_0422,330.9800339,138.7523652,0.3872357704,16,4,0.3903339501,0.4982916206,56.62397321,34.17767178
2026-03-04T01:15:01.000Z,sim_session_0228,400.5632354,314.2975369,0.5683225573,27,5,-1.224085328,0.1397280637,99.07104759,65.52995424
2026-03-07T03:19:06.000Z,sim_session_0298,394.8472182,172.3953784,0.475723042,26,2,-0.5959084052,0.3286842263,90.90237094,67.20503204
2026-03-06T17:47:43.000Z,sim_session_0289,409.3960945,196.4865729,0.5602353343,30,4,-0.8971387231,0.180350158,118.271728,66.69122747
2026-03-03T21:01:04.000Z,sim_session_0224,359.0170924,173.5879954,0.579092522,27,6,-0.8159945415,0.2129929854,109.3020121,66.66525681
2026-03-01T09:45:48.000Z,sim_session_0168,391.3461835,120.1013323,0.4658836759,26,5,0.02481010489,0.168482561,90.65469264,67.31986083
2026-03-09T10:20:25.000Z,sim_session_0350,316.7621347,117.2750576,0.416739963,18,3,0.06705767756,0.667176338,73.15565925,29.80110205
2026-03-08T11:03:42.000Z,sim_session_0328,349.6900936,99.35619217,0.4435915229,21,7,-0.4544801739,0.2184366707,129.5094348,67.30910385
2026-03-07T19:11:24.000Z,sim_session_0313,387.2954364,230.1148867,0.5921587155,19,7,-0.2296084577,0.09687979316,110.0917325,78.83733355
2026-02-23T02:27:10.000Z,sim_session_0025,436.8468499,170.3494808,0.3363053383,7,3,0.7609673994,0.5409292986,62.52484003,16.0292681
2026-03-08T12:07:12.000Z,sim_session_0329,359.0398326,212.1774209,0.5131863442,25,3,0.06396248691,0.1318385447,130.3140016,79.67525676
2026-03-11T05:43:23.000Z,sim_session_0391,326.4204632,121.8158065,0.4016134562,17,2,0.02386327313,0.5568206447,77.6930632,30.73488189
2026-03-14T10:57:56.000Z,sim_session_0464,320.2483896,148.4155927,0.3160039206,16,5,0.3237645143,0.2582991087,91.49074827,39.79740787
2026-03-08T10:00:13.000Z,sim_session_0327,349.7308918,194.7159515,0.5613581399,31,7,-0.2095883868,0.3169270109,98.30323999,87.54861892
2026-03-08T07:53:15.000Z,sim_session_0325,391.4494348,232.0287649,0.5638409865,20,5,-0.7984465932,0.2869675757,121.7818485,90.56385586
2026-03-14T14:08:24.000Z,sim_session_0467,363.0020193,174.7390065,0.3897072846,18,5,0.636638406,0.3656464281,75.23924401,42.10430365
2026-02-27T23:54:13.000Z,sim_session_0136,402.9730901,130.4790191,0.301861427,8,4,1.369856328,0.5450447379,51.01785254,4.079358341
2026-03-02T05:52:03.000Z,sim_session_0187,402.9947284,174.4198644,0.582010683,23,6,-0.5565582009,0.28730566,104.6518866,64.2747175
2026-03-07T13:53:58.000Z,sim_session_0308,351.4484901,193.4494358,0.5286217818,36,7,-0.6855201765,0.2465496774,99.89131082,95.04506719
2026-03-05T06:52:39.000Z,sim_session_0256,372.9275321,180.2711262,0.6467690592,25,9,-0.3954318349,0.282640731,112.7924155,93.68784632
2026-03-03T15:43:38.000Z,sim_session_0219,349.2655949,204.1876012,0.6348293341,20,8,-1.257268464,0.2217273158,125.7508283,84.88668524
2026-02-28T04:08:10.000Z,sim_session_0140,459.98009,121.9482683,0.3038733403,9,3,1.165350336,0.5163942885,65.29665228,13.25124503
2026-03-09T21:58:47.000Z,sim_session_0361,314.6458644,168.734421,0.3982106826,14,5,0.1888888171,0.4342003457,70.467784,51.51011197
2026-03-06T00:51:56.000Z,sim_session_0273,338.8390484,126.3046215,0.4541701266,20,3,-0.5618443034,0.08111198464,102.9724504,72.25914115
2026-03-05T21:41:28.000Z,sim_session_0270,306.7230254,241.1032428,0.4990842234,25,6,-0.8832046403,0.1016898072,112.7641436,89.95539328
2026-02-23T06:41:07.000Z,sim_session_0029,422.0083753,124.6433978,0.2633401834,11,4,1.246628798,0.6351756408,60.42524278,10.00042197
2026-03-03T16:47:07.000Z,sim_session_0220,365.9718777,177.5820212,0.55155236,24,4,-0.6159502462,0.2198381161,102.3278293,71.93718179
2026-03-05T21:41:28.000Z,sim_session_0270,306.7230254,241.1032428,0.4990842234,25,6,-0.8832046403,0.1016898072,112.7641436,89.95539328
2026-03-14T15:11:53.000Z,sim_session_0468,323.846908,136.6730889,0.3951965902,22,5,0.443223172,0.571910907,72.29487966,51.36081414
2026-02-24T10:11:46.000Z,sim_session_0055,458.0664138,83.37187832,0.269931779,4,2,1.609158669,0.6895184982,54.24415813,2.48748272
2026-03-01T23:31:08.000Z,sim_session_0181,397.7245175,151.2049702,0.5084615059,26,6,-0.3867725648,0.3084515161,92.34779685,89.73819072
2026-02-27T13:19:21.000Z,sim_session_0126,425.0518667,145.768885,0.281851139,10,3,1.201138875,0.7718795003,41.44311419,-0.007728722193
2026-02-27T11:12:22.000Z,sim_session_0124,464.0104144,112.7745915,0.2905610342,7,3,1.200932565,0.5250186662,58.1133651,9.079121267
2026-03-05T05:49:10.000Z,sim_session_0255,392.470984,302.9006975,0.5124999132,23,5,-0.69608886,0.110997925,82.37324494,75.65300526
2026-03-06T16:44:14.000Z,sim_session_0288,376.4438723,228.519897,0.4695907094,22,8,-0.3852435527,0.008622026517,120.3828993,74.56217196
2026-02-24T21:50:08.000Z,sim_session_0066,391.5679238,111.5278679,0.2643823476,12,3,0.6675113821,0.6515410403,55.3796889,16.37223608
2026-03-02T22:47:50.000Z,sim_session_0203,414.5585687,164.955603,0.5386772708,28,6,-0.9469310408,0.2414616285,115.7866163,80.87962896
2026-03-02T05:52:03.000Z,sim_session_0187,402.9947284,174.4198644,0.582010683,23,6,-0.5565582009,0.28730566,104.6518866,64.2747175
2026-03-05T20:37:59.000Z,sim_session_0269,350.174331,261.9956226,0.5282134956,25,8,0.3427538933,0.1423151527,109.8316328,98.22055221
2026-03-01T03:24:53.000Z,sim_session_0162,483.5595518,127.1463885,0.3088888172,8,2,1.337911787,0.6988553242,60.32205202,3.568033325
2026-03-02T12:12:58.000Z,sim_session_0193,353.3655571,167.2098428,0.5555675215,23,9,-0.2973667383,0.06881968342,116.7122801,72.25348144
2026-03-01T08:42:19.000Z,sim_session_0167,371.5601481,191.5306479,0.5749359721,17,6,0.2990056711,0.2132346506,110.6791317,85.4812838
2026-03-06T07:12:51.000Z,sim_session_0279,419.7368674,208.6481871,0.5902440283,25,5,-0.495606843,0.3435994018,115.5524007,62.8852684
2026-03-09T23:02:16.000Z,sim_session_0362,288.0858794,131.5642561,0.4042979481,15,4,0.7835731432,0.3509537839,77.76599973,20.7539523
2026-03-07T01:12:08.000Z,sim_session_0296,345.2103656,204.7518616,0.5300225529,24,6,-0.762297385,0.2691062566,124.3597812,75.35619608
2026-03-06T01:55:25.000Z,sim_session_0274,344.5822249,252.9001733,0.5830973795,25,5,-0.6732930626,0.232774647,115.8416907,70.92382494
2026-03-09T20:55:17.000Z,sim_session_0360,337.8414927,118.6826721,0.4103816706,19,4,0.4010870028,0.3156190021,65.55092811,46.10644076
2026-03-11T05:43:23.000Z,sim_session_0391,326.4204632,121.8158065,0.4016134562,17,2,0.02386327313,0.5568206447,77.6930632,30.73488189
2026-03-02T09:02:31.000Z,sim_session_0190,339.6663934,108.9705439,0.582049536,25,4,-0.4493613159,0.1416319643,104.7157387,86.06291156
2026-02-26T07:41:43.000Z,sim_session_0098,396.666853,96.56056814,0.2472002843,11,4,1.070598169,0.3498300156,46.3680571,5.834816386
2026-03-12T16:38:27.000Z,sim_session_0424,308.4298319,144.5835553,0.4624140372,17,5,0.669593821,0.3936245735,73.52496715,37.6966243
2026-02-26T06:38:13.000Z,sim_session_0097,431.8900711,82.16107493,0.2212422568,10,3,1.168973966,0.5972017543,61.80447872,14.73824805
2026-03-07T05:26:04.000Z,sim_session_0300,390.0023624,155.5182298,0.5917688497,30,6,-0.5704852236,0.2400309908,81.3848163,83.02258218
2026-03-10T14:54:34.000Z,sim_session_0377,283.822707,154.5946636,0.4240436735,15,4,-0.2574727986,0.350566005,77.7928733,45.77456523
2026-03-01T22:27:38.000Z,sim_session_0180,380.2090902,201.8622989,0.5880927387,30,6,-0.04717908463,-0.03442978938,125.904523,83.75062152
2026-03-07T19:11:24.000Z,sim_session_0313,387.2954364,230.1148867,0.5921587155,19,7,-0.2296084577,0.09687979316,110.0917325,78.83733355
2026-03-06T07:12:51.000Z,sim_session_0279,419.7368674,208.6481871,0.5902440283,25,5,-0.495606843,0.3435994018,115.5524007,62.8852684
2026-02-24T16:32:42.000Z,sim_session_0061,449.8799791,127.7007588,0.2966960033,11,5,1.173871749,0.5692916782,53.97177936,4.838686647
2026-03-14T06:43:59.000Z,sim_session_0460,306.3471492,226.3511601,0.4114049537,17,5,-0.2523108502,0.4094320156,88.96099946,39.18660501
2026-02-26T10:52:10.000Z,sim_session_0101,397.712644,104.964883,0.291910999,12,2,1.496221544,0.7157507758,71.49041405,12.64706704
2026-03-10T23:22:28.000Z,sim_session_0385,361.5973634,174.0614561,0.324160592,22,5,-0.1635899837,0.3696798383,82.66865688,43.85303458
2026-03-05T16:24:02.000Z,sim_session_0265,338.5070329,135.6477316,0.5834277672,29,6,-1.284338239,0.2705969747,93.40112119,83.08799277
2026-03-15T17:39:03.000Z,sim_session_0493,330.4517523,105.058403,0.3615010959,19,2,0.2888517645,0.2979736708,75.70914939,32.45584549
2026-03-03T06:12:15.000Z,sim_session_0210,395.8579436,168.6728055,0.4931538709,16,5,-0.7326375737,0.04489805877,114.5301876,75.50029618
2026-03-07T07:33:03.000Z,sim_session_0302,396.3779166,156.5586179,0.5587850228,30,3,-0.4281413277,0.1414621498,106.2928962,70.95192497
2026-03-06T15:40:45.000Z,sim_session_0287,371.8933001,218.4087456,0.5997175234,25,9,-0.3762348641,0.2624184272,101.6673741,101.5865901
2026-03-14T13:04:54.000Z,sim_session_0466,341.9382548,118.9216835,0.4113314719,13,2,0.3954873608,0.3190900733,61.075827,43.78426652
2026-02-22T10:34:52.000Z,sim_session_0010,449.9615533,118.0302903,0.2673010506,10,1,0.7658662583,0.4677300388,52.02202538,11.99887113
2026-03-05T05:49:10.000Z,sim_session_0255,392.470984,302.9006975,0.5124999132,23,5,-0.69608886,0.110997925,82.37324494,75.65300526
2026-03-10T07:30:10.000Z,sim_session_0370,310.4747797,139.1330187,0.3245770838,17,4,0.2155890024,0.3753176204,78.4159396,32.44729969
2026-03-06T12:30:17.000Z,sim_session_0284,286.527778,233.5827236,0.6217503089,31,7,-0.4815767446,0.3328156621,126.8238359,91.33568703
2026-03-08T00:28:50.000Z,sim_session_0318,332.5809631,322.3812492,0.4956963209,20,7,0.1117253916,0.2064589657,115.7224242,61.56452583
2026-03-07T10:43:31.000Z,sim_session_0305,400.6032496,241.84209,0.5265067375,24,7,-0.3434015851,0.1606362529,93.8092818,81.13875194
2026-03-13T08:30:46.000Z,sim_session_0439,369.5965259,138.3451842,0.3836907691,18,2,0.0720396224,0.4983239969,70.59738252,34.19787386
2026-03-03T15:43:38.000Z,sim_session_0219,349.2655949,204.1876012,0.6348293341,20,8,-1.257268464,0.2217273158,125.7508283,84.88668524
2026-02-27T03:47:58.000Z,sim_session_0117,503.3539044,92.45368689,0.324160437,10,3,1.235504374,0.6444726818,58.77051917,17.27025091
2026-03-10T05:23:11.000Z,sim_session_0368,305.6456359,143.4555856,0.4434981848,21,4,0.09900147094,0.5135274732,80.41723827,28.75620227
2026-03-09T14:34:22.000Z,sim_session_0354,285.4725158,121.9191079,0.3857077976,14,3,0.05344941108,0.4086253836,66.73583962,39.18937543
2026-03-07T08:36:32.000Z,sim_session_0303,354.065725,273.6502246,0.4867784819,20,3,0.1909673147,0.1537660294,109.7436094,75.97217059
2026-03-11T18:25:14.000Z,sim_session_0403,286.848049,170.6735219,0.4252320066,20,5,0.1041611118,0.3872746691,73.79985118,30.96477424
2026-03-13T12:44:42.000Z,sim_session_0443,320.9980992,169.9156967,0.3636775027,19,3,0.2085233487,0.3309670421,79.21326954,35.24848278
2026-03-10T21:15:29.000Z,sim_session_0383,334.4648216,126.5425226,0.3984897986,13,5,0.8822600818,0.4721225373,85.23259417,34.07728505
2026-03-14T10:57:56.000Z,sim_session_0464,320.2483896,148.4155927,0.3160039206,16,5,0.3237645143,0.2582991087,91.49074827,39.79740787
2026-03-14T08:50:57.000Z,sim_session_0462,336.3105753,151.4003046,0.3467342096,14,5,-0.1036413294,0.3774432979,77.12905312,32.03684203
2026-03-13T04:16:49.000Z,sim_session_0435,303.897282,132.0908644,0.3739481549,19,4,0.3969249774,0.3683875128,67.28864719,44.66083168
2026-03-12T20:52:24.000Z,sim_session_0428,276.154812,131.2907659,0.4036610576,12,3,0.303100669,0.3591826824,77.7636789,31.49732171
2026-03-12T12:24:30.000Z,sim_session_0420,319.3777041,93.68942713,0.3621897379,22,6,-0.06469691054,0.3670608463,75.29835766,52.46858849
2026-03-08T18:28:07.000Z,sim_session_0335,295.8321744,124.2259601,0.4422875708,19,2,-0.06761753984,0.5501235864,77.81349798,34.66462848
2026-03-12T08:10:34.000Z,sim_session_0416,379.9924305,130.8330302,0.3333296827,21,3,0.6898040792,0.3717970952,70.57729018,38.75429711
2026-03-07T06:29:34.000Z,sim_session_0301,356.0326101,197.9748755,0.5853266256,25,4,-0.5565610683,0.2067555484,111.1493391,81.61919367
2026-03-04T08:39:25.000Z,sim_session_0235,350.9276759,202.5079321,0.555376709,26,8,-0.2779417272,0.2044217003,101.9087402,80.67671258
2026-03-03T07:15:44.000Z,sim_session_0211,322.3492414,177.8171038,0.6035652269,27,6,-0.2523579926,0.08390880436,110.323701,81.4732233
2026-03-11T13:07:48.000Z,sim_session_0398,311.9612533,138.458367,0.4123600942,24,3,0.36096208,0.3200342578,71.17096695,39.65286784
2026-03-15T14:28:36.000Z,sim_session_0490,345.7084577,136.6211598,0.4298567288,16,4,0.03994429202,0.5235998483,77.17986543,42.56937469
2026-02-27T18:36:47.000Z,sim_session_0131,442.5241588,93.59022032,0.3056405719,8,4,1.196808397,0.4623612501,57.47041836,11.82681871
2026-03-11T00:25:57.000Z,sim_session_0386,277.2726237,155.2685539,0.3144999762,17,5,0.3055182647,0.350106245,81.22542378,46.82326271
2026-03-07T05:26:04.000Z,sim_session_0300,390.0023624,155.5182298,0.5917688497,30,6,-0.5704852236,0.2400309908,81.3848163,83.02258218
2026-03-02T20:40:52.000Z,sim_session_0201,393.6257008,121.8873788,0.4513083065,26,6,-0.4319292227,0.1537872925,116.6435367,89.32638843
2026-03-04T02:18:30.000Z,sim_session_0229,420.282598,210.9145007,0.568984379,24,6,-0.1141797271,0.1967662881,115.3069394,78.03995702
2026-02-26T09:48:41.000Z,sim_session_0100,441.6907512,122.0510637,0.2755767253,15,2,1.818089451,0.5774568551,49.78386844,10.3495979
2026-03-05T20:37:59.000Z,sim_session_0269,350.174331,261.9956226,0.5282134956,25,8,0.3427538933,0.1423151527,109.8316328,98.22055221
2026-03-15T16:35:34.000Z,sim_session_0492,305.2813947,102.6471916,0.3978737405,13,5,0.4133887878,0.5907948493,80.93511303,37.03960021
2026-03-09T07:09:58.000Z,sim_session_0347,323.6527958,146.0661068,0.4222646666,18,4,0.08215667919,0.4369705926,79.6789238,35.31223
2026-03-13T02:09:50.000Z,sim_session_0433,354.7724643,124.0875988,0.4128418404,20,5,-0.1566942692,0.376894032,63.67240911,57.12422501
2026-03-08T03:39:18.000Z,sim_session_0321,348.3645113,167.2976641,0.5710808415,25,5,-0.7648979277,0.07896012722,119.7884134,80.7861767
2026-03-05T08:59:37.000Z,sim_session_0258,399.9088648,200.4686567,0.4308305649,27,2,0.08797489238,0.2169473871,119.9967402,70.97888862
2026-03-06T07:12:51.000Z,sim_session_0279,419.7368674,208.6481871,0.5902440283,25,5,-0.495606843,0.3435994018,115.5524007,62.8852684
2026-03-12T20:52:24.000Z,sim_session_0428,276.154812,131.2907659,0.4036610576,12,3,0.303100669,0.3591826824,77.7636789,31.49732171
2026-03-07T00:08:38.000Z,sim_session_0295,339.4928626,210.7265112,0.5024731896,24,7,-0.9033235545,0.129991597,106.5261717,65.71184566
2026-02-27T05:54:56.000Z,sim_session_0119,396.5614911,115.4141469,0.2322161722,7,3,1.595703959,0.8809210861,55.30731932,17.17650078
2026-03-06T11:26:48.000Z,sim_session_0283,430.7223895,130.6009567,0.5749894052,18,6,-0.6734509941,-0.008502829668,113.8903759,76.19961938
2026-03-13T23:19:35.000Z,sim_session_0453,297.9770833,130.1089111,0.3796009129,21,5,0.3233570173,0.3629386946,82.18332768,39.86169498
2026-03-08T11:03:42.000Z,sim_session_0328,349.6900936,99.35619217,0.4435915229,21,7,-0.4544801739,0.2184366707,129.5094348,67.30910385
2026-03-03T07:15:44.000Z,sim_session_0211,322.3492414,177.8171038,0.6035652269,27,6,-0.2523579926,0.08390880436,110.323701,81.4732233
2026-03-04T12:53:22.000Z,sim_session_0239,385.6022343,166.1302363,0.4962213857,26,7,-0.3669870748,0.1190546271,116.7748484,72.56139073
2026-03-14T15:11:53.000Z,sim_session_0468,323.846908,136.6730889,0.3951965902,22,5,0.443223172,0.571910907,72.29487966,51.36081414
2026-03-05T13:13:34.000Z,sim_session_0262,402.3242599,262.8534326,0.6284999242,21,5,-0.3078662816,0.4531904678,124.800992,91.19397162
2026-02-27T00:37:30.000Z,sim_session_0114,364.5936981,120.7211985,0.2798610108,13,4,1.260832514,0.5499638923,63.8812889,7.360411813
2026-03-09T07:09:58.000Z,sim_session_0347,323.6527958,146.0661068,0.4222646666,18,4,0.08215667919,0.4369705926,79.6789238,35.31223
2026-02-23T22:33:25.000Z,sim_session_0044,452.8039926,124.5842275,0.2959019412,8,3,1.259032829,0.6820528475,56.85007062,12.60583628
2026-03-05T15:20:33.000Z,sim_session_0264,377.6555627,172.0391259,0.5521315512,25,5,-0.1838637673,0.04671351216,104.8298578,86.84037913
2026-03-10T09:37:08.000Z,sim_session_0372,323.4826138,117.0737763,0.4025977235,19,5,0.05828455002,0.3654843133,56.07327624,35.64976623
2026-02-27T19:40:16.000Z,sim_session_0132,448.3889614,117.1802421,0.3259533667,13,3,1.425036544,0.7933793485,75.68387681,3.860000596
2026-03-05T00:31:44.000Z,sim_session_0250,323.7196309,196.6192047,0.583757233,15,8,-0.9729802289,0.2331995493,112.4668315,90.84586391
2026-03-15T16:35:34.000Z,sim_session_0492,305.2813947,102.6471916,0.3978737405,13,5,0.4133887878,0.5907948493,80.93511303,37.03960021
2026-03-02T15:23:26.000Z,sim_session_0196,323.1839454,194.2286249,0.4891640791,28,4,0.623827588,0.1548615549,110.7201764,67.04658816
2026-02-27T04:51:27.000Z,sim_session_0118,416.3058657,142.6446914,0.2606689864,10,2,1.336507116,0.7445125957,59.38115056,9.015571506
2026-03-13T07:27:16.000Z,sim_session_0438,289.0544185,157.5756365,0.4494820217,18,5,-0.2910045096,0.3944546625,74.71933562,34.91103939
2026-03-06T18:51:12.000Z,sim_session_0290,301.618789,232.9488371,0.5198510844,23,2,-0.7715917257,0.1992432703,119.3037786,72.28769834
2026-03-09T20:55:17.000Z,sim_session_0360,337.8414927,118.6826721,0.4103816706,19,4,0.4010870028,0.3156190021,65.55092811,46.10644076
2026-03-06T17:47:43.000Z,sim_session_0289,409.3960945,196.4865729,0.5602353343,30,4,-0.8971387231,0.180350158,118.271728,66.69122747
2026-03-02T13:16:27.000Z,sim_session_0194,339.805127,212.5527608,0.525412629,29,4,-0.747578621,0.1343629106,104.3436125,90.99191556
2026-03-14T09:54:27.000Z,sim_session_0463,284.3934416,137.6469734,0.4201460115,21,5,0.3220969785,0.3253805246,67.50365103,36.42386038
2026-02-28T07:18:37.000Z,sim_session_0143,429.3029887,160.0701882,0.3047259886,11,3,1.081628144,0.3870802111,62.06112337,14.22741554
2026-03-01T12:56:16.000Z,sim_session_0171,413.0729026,189.5640071,0.5919961303,26,6,0.04554012997,0.1763341175,92.19261892,71.96759908
2026-02-25T14:45:55.000Z,sim_session_0082,381.4038402,75.05462889,0.3100523619,14,2,0.642049378,0.6099034821,67.44670581,18.98797261
2026-03-03T04:05:17.000Z,sim_session_0208,338.4332541,152.2253808,0.4967763627,18,7,0.2235658168,0.3425328943,93.73915511,87.24854672
2026-03-05T03:42:11.000Z,sim_session_0253,426.0166205,178.1384883,0.4507928388,30,6,-0.05802380442,0.2276958675,114.5855914,83.63009248
2026-03-06T18:51:12.000Z,sim_session_0290,301.618789,232.9488371,0.5198510844,23,2,-0.7715917257,0.1992432703,119.3037786,72.28769834
2026-03-14T08:50:57.000Z,sim_session_0462,336.3105753,151.4003046,0.3467342096,14,5,-0.1036413294,0.3774432979,77.12905312,32.03684203
2026-03-15T13:25:06.000Z,sim_session_0489,298.3603305,122.8598252,0.4618835794,18,5,0.1400243452,0.4244776284,74.61166789,28.11664383
2026-03-12T06:03:35.000Z,sim_session_0414,315.711517,155.8094048,0.4112835156,19,3,0.5104052515,0.6845294395,72.37643448,40.49696301
2026-03-12T20:52:24.000Z,sim_session_0428,276.154812,131.2907659,0.4036610576,12,3,0.303100669,0.3591826824,77.7636789,31.49732171
2026-03-11T08:53:51.000Z,sim_session_0394,350.1370846,166.2238217,0.3695654102,20,3,-0.0554053931,0.5033809441,63.07130262,46.4879914
2026-03-11T08:53:51.000Z,sim_session_0394,350.1370846,166.2238217,0.3695654102,20,3,-0.0554053931,0.5033809441,63.07130262,46.4879914
2026-03-08T17:24:38.000Z,sim_session_0334,260.6579331,166.5081801,0.3891841378,20,6,0.1940268925,0.3578847017,75.83064919,46.91073147
2026-03-05T13:13:34.000Z,sim_session_0262,402.3242599,262.8534326,0.6284999242,21,5,-0.3078662816,0.4531904678,124.800992,91.19397162
2026-03-15T10:14:39.000Z,sim_session_0486,331.8913883,84.93268397,0.3394495349,18,4,-0.09731466242,0.5944762238,77.1877794,43.32371426
2026-03-03T04:05:17.000Z,sim_session_0208,338.4332541,152.2253808,0.4967763627,18,7,0.2235658168,0.3425328943,93.73915511,87.24854672
2026-03-01T01:17:54.000Z,sim_session_0160,410.06122,127.2118336,0.2382794371,14,3,1.287012119,0.8325779792,72.1315208,8.467171894
2026-03-07T00:08:38.000Z,sim_session_0295,339.4928626,210.7265112,0.5024731896,24,7,-0.9033235545,0.129991597,106.5261717,65.71184566
2026-03-07T23:25:21.000Z,sim_session_0317,368.5189621,167.1243291,0.6287688325,25,6,-0.6358420102,0.1110209674,95.3136057,86.32868324
2026-02-25T08:25:00.000Z,sim_session_0076,416.9377758,110.4179366,0.3037240516,14,3,1.072567882,0.6314077224,58.033908,14.76026827
2026-03-11T00:25:57.000Z,sim_session_0386,277.2726237,155.2685539,0.3144999762,17,5,0.3055182647,0.350106245,81.22542378,46.82326271
2026-02-26T05:34:44.000Z,sim_session_0096,409.1948151,136.6206372,0.239734745,9,2,1.186023819,0.6278864285,51.9368564,13.62141339
2026-03-12T16:38:27.000Z,sim_session_0424,308.4298319,144.5835553,0.4624140372,17,5,0.669593821,0.3936245735,73.52496715,37.6966243
2026-03-10T13:51:05.000Z,sim_session_0376,308.1630335,150.6530987,0.3990630816,16,2,0.1467496323,0.2926297587,62.91375323,34.43024811
2026-03-15T07:04:11.000Z,sim_session_0483,253.620611,150.1782451,0.4207641199,17,3,0.3266806623,0.2535467632,67.80938582,34.74511444
2026-03-12T19:48:55.000Z,sim_session_0427,356.2615808,142.1499766,0.3066329183,18,7,0.5599098705,0.3189111056,79.1377456,34.80590603
2026-03-10T22:18:59.000Z,sim_session_0384,315.9081071,116.4210019,0.3908893782,20,4,-0.1237923068,0.2684970894,65.33185248,43.44016813
2026-03-08T16:21:09.000Z,sim_session_0333,368.2756168,160.4861893,0.3866351707,22,5,0.8898382414,0.2452167167,73.14247924,36.76235031
2026-03-05T18:31:00.000Z,sim_session_0267,335.5854978,165.3624046,0.467625185,26,5,-1.448878211,0.1464285127,100.9896597,95.75677592
2026-03-06T07:12:51.000Z,sim_session_0279,419.7368674,208.6481871,0.5902440283,25,5,-0.495606843,0.3435994018,115.5524007,62.8852684
2026-03-10T14:54:34.000Z,sim_session_0377,283.822707,154.5946636,0.4240436735,15,4,-0.2574727986,0.350566005,77.7928733,45.77456523
2026-02-27T06:58:25.000Z,sim_session_0120,437.3125744,116.9750471,0.2929778336,10,3,1.077500051,0.460189034,47.65099838,13.26622442
2026-02-25T18:59:52.000Z,sim_session_0086,430.3615954,124.0559455,0.2471958589,11,3,0.8092043649,0.5948802888,59.36216349,18.98780583
2026-02-27T09:05:24.000Z,sim_session_0122,459.2099053,144.8391999,0.3139029795,12,4,1.355898172,0.4902662325,65.60578525,3.220930144
2026-02-22T12:41:50.000Z,sim_session_0012,455.2092441,85.45359154,0.2930327093,11,2,0.7661826437,0.6072129508,55.76405833,11.16338106
2026-03-11T22:39:11.000Z,sim_session_0407,317.8686576,135.7789354,0.3367218993,18,3,-0.2203157287,0.4136873321,78.41518339,43.68688629
2026-03-09T00:49:02.000Z,sim_session_0341,288.8669884,161.4761515,0.4083100239,13,5,0.6802870682,0.3142823596,74.93746292,27.92252017
2026-03-03T22:04:33.000Z,sim_session_0225,308.4865677,222.6061352,0.4199055842,26,5,0.02329864275,0.1506531791,116.5948421,76.03086159
2026-03-05T02:38:42.000Z,sim_session_0252,295.3782046,181.78075,0.5708184074,21,7,-0.1366426811,0.2126866976,79.36220134,67.21911637
2026-03-06T10:23:19.000Z,sim_session_0282,381.5054043,225.2495331,0.5740120576,27,5,-0.1850069182,0.1954441873,105.1288644,76.88108688
2026-03-11T11:00:49.000Z,sim_session_0396,344.5319754,181.91487,0.4286939383,14,4,0.5552582712,0.4725707983,80.49468002,42.54284155
2026-03-14T00:23:04.000Z,sim_session_0454,289.543249,97.09378306,0.3823474202,20,6,0.3184831039,0.3234644485,66.70524354,43.86368427
2026-03-01T12:56:16.000Z,sim_session_0171,413.0729026,189.5640071,0.5919961303,26,6,0.04554012997,0.1763341175,92.19261892,71.96759908
2026-03-01T23:31:08.000Z,sim_session_0181,397.7245175,151.2049702,0.5084615059,26,6,-0.3867725648,0.3084515161,92.34779685,89.73819072
2026-03-14T02:30:02.000Z,sim_session_0456,301.2080155,159.3938075,0.3032554287,22,5,0.3089501361,0.4558771035,78.90960627,35.50051501
2026-03-05T16:24:02.000Z,sim_session_0265,338.5070329,135.6477316,0.5834277672,29,6,-1.284338239,0.2705969747,93.40112119,83.08799277
2026-02-25T10:31:58.000Z,sim_session_0078,399.0755884,118.8609092,0.3114752086,7,2,1.367564688,0.5778463884,65.17987753,9.931766041
2026-03-09T03:59:30.000Z,sim_session_0344,343.2119703,123.5878473,0.4805298582,20,3,0.1433284561,0.4781181205,82.36851092,39.50499086
2026-03-05T13:13:34.000Z,sim_session_0262,402.3242599,262.8534326,0.6284999242,21,5,-0.3078662816,0.4531904678,124.800992,91.19397162
2026-03-14T13:04:54.000Z,sim_session_0466,341.9382548,118.9216835,0.4113314719,13,2,0.3954873608,0.3190900733,61.075827,43.78426652
2026-02-23T20:26:27.000Z,sim_session_0042,478.1276308,110.8460114,0.2832364133,14,1,0.8245058358,0.4398722063,53.64690968,12.19818303
2026-03-04T01:15:01.000Z,sim_session_0228,400.5632354,314.2975369,0.5683225573,27,5,-1.224085328,0.1397280637,99.07104759,65.52995424
2026-03-13T09:34:15.000Z,sim_session_0440,342.7381409,173.50636,0.4206796189,17,4,0.05875501153,0.3005226881,67.68908458,35.67361915
2026-03-09T20:55:17.000Z,sim_session_0360,337.8414927,118.6826721,0.4103816706,19,4,0.4010870028,0.3156190021,65.55092811,46.10644076
2026-03-01T21:24:09.000Z,sim_session_0179,351.1669056,198.2968552,0.5539299353,22,7,0.6656978594,0.02230133607,113.2401252,72.39809911
2026-02-22T11:38:21.000Z,sim_session_0011,402.8356283,112.4367489,0.3189768489,9,4,0.919914696,0.5794562442,52.39982356,8.30483462
2026-03-01T17:10:12.000Z,sim_session_0175,315.8163745,201.176943,0.601439046,16,7,-0.02415119788,0.1846974124,115.502025,72.96930919
2026-02-23T19:22:57.000Z,sim_session_0041,455.3315557,120.2285211,0.3198688177,13,4,1.36623495,0.83276531,58.35870649,-0.01761146033
2026-03-03T06:12:15.000Z,sim_session_0210,395.8579436,168.6728055,0.4931538709,16,5,-0.7326375737,0.04489805877,114.5301876,75.50029618
2026-03-14T10:57:56.000Z,sim_session_0464,320.2483896,148.4155927,0.3160039206,16,5,0.3237645143,0.2582991087,91.49074827,39.79740787
2026-03-01T17:10:12.000Z,sim_session_0175,315.8163745,201.176943,0.601439046,16,7,-0.02415119788,0.1846974124,115.502025,72.96930919
2026-03-08T17:24:38.000Z,sim_session_0334,260.6579331,166.5081801,0.3891841378,20,6,0.1940268925,0.3578847017,75.83064919,46.91073147
2026-03-06T20:58:11.000Z,sim_session_0292,331.4122387,198.3026476,0.5545078414,21,6,-0.4978708558,0.3140209479,122.0742503,76.70790602
2026-03-13T04:16:49.000Z,sim_session_0435,303.897282,132.0908644,0.3739481549,19,4,0.3969249774,0.3683875128,67.28864719,44.66083168
2026-03-07T08:36:32.000Z,sim_session_0303,354.065725,273.6502246,0.4867784819,20,3,0.1909673147,0.1537660294,109.7436094,75.97217059
2026-03-05T21:41:28.000Z,sim_session_0270,306.7230254,241.1032428,0.4990842234,25,6,-0.8832046403,0.1016898072,112.7641436,89.95539328
2026-03-03T13:36:39.000Z,sim_session_0217,337.1112903,208.6121052,0.4987735544,29,4,-0.6145464543,0.141394836,111.6432066,73.59509928
2026-03-03T22:04:33.000Z,sim_session_0225,308.4865677,222.6061352,0.4199055842,26,5,0.02329864275,0.1506531791,116.5948421,76.03086159
2026-03-03T14:40:09.000Z,sim_session_0218,350.5187231,190.5547963,0.5132806121,27,6,-0.5354455781,0.1569541667,117.9654403,77.64165756
2026-03-02T13:16:27.000Z,sim_session_0194,339.805127,212.5527608,0.525412629,29,4,-0.747578621,0.1343629106,104.3436125,90.99191556
2026-03-10T08:33:39.000Z,sim_session_0371,269.2989447,131.2957552,0.4305645762,23,5,-0.140479128,0.3767632761,76.79644067,41.24313782
2026-03-14T21:32:48.000Z,sim_session_0474,290.0165884,148.56618,0.4463187621,17,3,-0.02481204669,0.4394599421,87.90881489,42.756075
2026-03-07T23:25:21.000Z,sim_session_0317,368.5189621,167.1243291,0.6287688325,25,6,-0.6358420102,0.1110209674,95.3136057,86.32868324
2026-03-02T18:33:54.000Z,sim_session_0199,359.723342,210.9536959,0.5349617708,18,5,-0.6309221721,0.1851927595,104.3652857,75.56987847
2026-03-01T16:06:43.000Z,sim_session_0174,319.278417,206.4823824,0.5864857837,19,6,-0.5879743181,0.2341508686,109.8706123,65.4640072
2026-03-15T06:00:42.000Z,sim_session_0482,310.7259893,133.7531935,0.3184555797,21,4,0.1545598801,0.3439672767,77.50921703,33.74370563
2026-02-25T16:52:54.000Z,sim_session_0084,402.3744881,137.1003865,0.2991887923,11,4,1.390611343,0.6740014236,65.09525027,11.70395704
2026-03-13T23:19:35.000Z,sim_session_0453,297.9770833,130.1089111,0.3796009129,21,5,0.3233570173,0.3629386946,82.18332768,39.86169498
2026-03-04T21:21:16.000Z,sim_session_0247,332.208476,156.0136662,0.561714918,26,7,0.3743455066,0.2277289531,114.8508177,69.22438671
2026-03-05T05:49:10.000Z,sim_session_0255,392.470984,302.9006975,0.5124999132,23,5,-0.69608886,0.110997925,82.37324494,75.65300526
2026-02-27T21:47:15.000Z,sim_session_0134,408.6298881,102.4098074,0.3484489863,11,4,1.05327676,0.5814043323,54.29156815,-3.258541675
2026-02-22T19:02:45.000Z,sim_session_0018,493.854092,103.5722664,0.3051546761,7,4,1.31548529,0.5843362102,59.67389979,6.726061523
2026-03-07T20:14:53.000Z,sim_session_0314,424.475273,276.9798415,0.4667821803,35,4,-0.1077306823,0.2970497981,100.0430977,84.93267794
2026-03-13T05:20:18.000Z,sim_session_0436,310.312844,162.2089381,0.431603022,14,3,0.07333778438,0.2943734592,80.28676243,42.45916773
2026-03-09T07:09:58.000Z,sim_session_0347,323.6527958,146.0661068,0.4222646666,18,4,0.08215667919,0.4369705926,79.6789238,35.31223
2026-02-22T15:52:18.000Z,sim_session_0015,399.5326276,126.2702769,0.305143797,16,6,1.32432283,0.501046188,42.94362975,11.33855731
2026-03-04T11:49:53.000Z,sim_session_0238,454.6394788,215.769506,0.5140259227,22,4,-0.1253722577,0.1635622707,111.2736248,79.36491326
2026-03-13T09:34:15.000Z,sim_session_0440,342.7381409,173.50636,0.4206796189,17,4,0.05875501153,0.3005226881,67.68908458,35.67361915
2026-02-22T23:16:42.000Z,sim_session_0022,429.846344,116.731142,0.2901272365,14,3,1.393181638,0.3949827899,59.61025278,5.783848649
2026-03-07T06:29:34.000Z,sim_session_0301,356.0326101,197.9748755,0.5853266256,25,4,-0.5565610683,0.2067555484,111.1493391,81.61919367
2026-03-12T17:41:56.000Z,sim_session_0425,303.6044216,161.3559965,0.4092403991,19,3,0.009752976787,0.6143446825,73.75521992,34.57659603
2026-02-28T11:32:34.000Z,sim_session_0147,383.1134696,124.5754006,0.3090239882,11,1,1.162857212,0.6742028903,44.97608987,4.626169931
2026-03-03T14:40:09.000Z,sim_session_0218,350.5187231,190.5547963,0.5132806121,27,6,-0.5354455781,0.1569541667,117.9654403,77.64165756
2026-03-01T20:20:40.000Z,sim_session_0178,404.2588933,143.129454,0.5343822279,30,7,-0.4218947874,0.1782315307,106.1619907,82.88219063
2026-03-03T03:01:47.000Z,sim_session_0207,395.8434594,211.595419,0.5578616422,24,7,-0.6483112678,0.2235569871,118.7193437,74.38193456
2026-03-15T18:42:32.000Z,sim_session_0494,320.6062034,140.4831856,0.4560146367,18,3,0.2259342433,0.2655763603,77.84296078,44.12895172
2026-03-06T23:05:09.000Z,sim_session_0294,417.4123933,179.4545496,0.5645602601,35,4,-1.2591258,0.3286590131,101.7319089,79.79293636
2026-03-05T23:48:26.000Z,sim_session_0272,386.9138055,232.7641668,0.5232456423,23,7,-0.8310336963,0.1589466012,110.8959277,89.95938685
2026-03-07T01:12:08.000Z,sim_session_0296,345.2103656,204.7518616,0.5300225529,24,6,-0.762297385,0.2691062566,124.3597812,75.35619608
2026-03-03T17:50:36.000Z,sim_session_0221,312.3914797,215.629001,0.5772661631,26,8,-0.4648529452,0.2392010937,113.0383743,79.08459981
2026-03-12T13:28:00.000Z,sim_session_0421,297.6782763,128.0778994,0.4619490223,17,5,-0.1431428895,0.3828767256,63.38282213,32.61196353
2026-03-11T19:28:43.000Z,sim_session_0404,303.4102462,173.4094864,0.4094935242,14,2,0.7994328176,0.390968099,70.46812856,38.08205765
2026-03-07T16:00:57.000Z,sim_session_0310,411.7856631,195.6585347,0.5107101865,23,8,-0.2297573467,0.2560329178,107.424788,85.7336247
2026-02-23T14:05:31.000Z,sim_session_0036,484.6193847,134.6154938,0.2328387923,10,2,1.044516047,0.7511228433,65.10027049,6.505347857
2026-03-03T11:29:41.000Z,sim_session_0215,416.1480187,198.6682104,0.4919032797,22,4,-1.009847361,0.209482686,97.72084449,58.19633791
2026-02-27T20:43:45.000Z,sim_session_0133,402.2040067,149.6983757,0.2482515685,6,3,1.326068013,0.5897603293,54.79549104,6.628937691
2026-03-09T13:30:53.000Z,sim_session_0353,314.4279958,155.67774,0.415200932,15,3,0.08638375015,0.4564917281,79.83063991,30.42440406
2026-03-10T21:15:29.000Z,sim_session_0383,334.4648216,126.5425226,0.3984897986,13,5,0.8822600818,0.4721225373,85.23259417,34.07728505
2026-03-08T19:31:36.000Z,sim_session_0336,305.7397586,140.3309168,0.4294293344,14,3,0.3818867265,0.390016542,79.00301428,31.39344822
2026-03-03T13:36:39.000Z,sim_session_0217,337.1112903,208.6121052,0.4987735544,29,4,-0.6145464543,0.141394836,111.6432066,73.59509928
2026-02-25T07:21:31.000Z,sim_session_0075,440.4805187,167.6520457,0.292605658,11,3,1.44503276,0.6625085201,70.01380007,7.393385407
2026-03-04T05:28:58.000Z,sim_session_0232,337.972943,218.7127913,0.5597551987,28,6,-0.1724944199,0.2094592533,117.8468872,88.7082277
2026-03-01T11:52:46.000Z,sim_session_0170,379.437608,212.3756628,0.5990739875,20,10,-0.8837711013,0.2749222927,93.12652306,70.69735313
2026-03-04T10:46:24.000Z,sim_session_0237,371.3431228,168.0477702,0.5324237632,26,8,-0.3723620664,0.3259114849,109.0503469,76.6783147
2026-03-07T03:19:06.000Z,sim_session_0298,394.8472182,172.3953784,0.475723042,26,2,-0.5959084052,0.3286842263,90.90237094,67.20503204
2026-02-23T05:37:38.000Z,sim_session_0028,481.8609293,100.2628584,0.2726416646,12,3,1.087153179,0.5866177035,49.00083353,8.80913128
2026-03-04T15:00:21.000Z,sim_session_0241,338.4338721,165.9672151,0.4961208376,24,4,-0.365983053,0.2051698321,114.8102866,85.07728452
2026-03-14T14:08:24.000Z,sim_session_0467,363.0020193,174.7390065,0.3897072846,18,5,0.636638406,0.3656464281,75.23924401,42.10430365
2026-02-23T09:51:34.000Z,sim_session_0032,421.2348644,117.9302346,0.2724406787,10,4,0.4300024677,0.5763149735,61.41209937,11.47996995
2026-03-07T18:07:55.000Z,sim_session_0312,369.7416529,144.9582667,0.5182834503,24,5,-0.7135183759,0.200720706,104.6474443,65.37542615
2026-03-10T23:22:28.000Z,sim_session_0385,361.5973634,174.0614561,0.324160592,22,5,-0.1635899837,0.3696798383,82.66865688,43.85303458
2026-03-07T02:15:37.000Z,sim_session_0297,376.9819381,190.4153138,0.5682743673,31,7,-1.209365816,0.2453995631,122.3286374,77.7840383
2026-03-01T10:49:17.000Z,sim_session_0169,263.7613393,190.6349785,0.5405807936,23,8,-0.02059206539,0.1829611577,88.65306333,86.1728158
2026-03-07T03:19:06.000Z,sim_session_0298,394.8472182,172.3953784,0.475723042,26,2,-0.5959084052,0.3286842263,90.90237094,67.20503204
2026-03-09T19:51:48.000Z,sim_session_0359,347.7467671,113.1177905,0.4347904475,17,5,0.6291982522,0.4741281767,81.36411722,31.93884527
2026-02-28T20:00:28.000Z,sim_session_0155,485.8695268,132.0530489,0.2745250047,12,2,1.554759223,0.5676015225,58.36744388,7.541721925
2026-02-24T11:15:16.000Z,sim_session_0056,341.0641349,109.1300898,0.3526124504,11,2,1.339524063,0.4439041647,57.6214131,10.49738737
2026-03-03T00:54:49.000Z,sim_session_0205,288.6795022,201.307809,0.4940847091,23,7,-0.7566170883,0.2231282023,107.0066209,86.72114315
2026-03-12T05:00:06.000Z,sim_session_0413,321.1235516,151.382461,0.4112341739,18,5,0.5805326283,0.4911228005,74.29455459,49.70894911
2026-02-28T23:10:56.000Z,sim_session_0158,441.7159179,148.0237255,0.2854394265,7,4,1.476345224,0.6654659528,65.96399125,8.645359349
2026-02-23T07:44:36.000Z,sim_session_0030,408.353259,126.3298852,0.277081402,16,5,1.315753966,0.523694279,51.10070822,15.95571477
2026-03-10T04:19:42.000Z,sim_session_0367,334.3997487,217.2128049,0.4206383391,19,5,-0.002689793276,0.3556098364,71.45681513,44.53329784
2026-03-13T01:06:21.000Z,sim_session_0432,303.4473944,121.8535445,0.3513798856,14,2,-0.01690393905,0.4627493897,63.81051028,30.42314008
2026-03-08T13:10:41.000Z,sim_session_0330,395.9818748,197.8678852,0.5484628084,23,6,-0.3728005222,0.1215741491,108.7495558,73.89901134
2026-03-05T13:13:34.000Z,sim_session_0262,402.3242599,262.8534326,0.6284999242,21,5,-0.3078662816,0.4531904678,124.800992,91.19397162
2026-03-10T18:05:02.000Z,sim_session_0380,310.1998507,137.1166251,0.4425724874,15,7,0.4125772435,0.4380829253,78.67567182,53.13995533
2026-02-28T10:29:05.000Z,sim_session_0146,446.9638126,156.7245168,0.2739117417,11,2,1.557124069,0.5239491152,55.51396669,9.888761026
2026-03-12T13:28:00.000Z,sim_session_0421,297.6782763,128.0778994,0.4619490223,17,5,-0.1431428895,0.3828767256,63.38282213,32.61196353
2026-02-26T21:27:03.000Z,sim_session_0111,454.712594,118.8143471,0.2581213919,9,4,1.200897987,0.6340209977,65.36063394,8.125792686
2026-02-26T02:24:17.000Z,sim_session_0093,472.8245585,156.7477335,0.2699218232,16,3,1.726107308,0.590670135,61.04846261,11.82737236
2026-03-14T02:30:02.000Z,sim_session_0456,301.2080155,159.3938075,0.3032554287,22,5,0.3089501361,0.4558771035,78.90960627,35.50051501
2026-03-11T09:57:20.000Z,sim_session_0395,303.6819422,134.7113349,0.4163900488,20,3,0.5153176826,0.4113370538,66.20761645,38.81087861
2026-03-09T06:06:28.000Z,sim_session_0346,317.182269,158.7203471,0.373329966,18,3,-0.07462278321,0.4333549012,76.29859315,44.81356739
2026-03-05T14:17:03.000Z,sim_session_0263,346.4274216,164.6720148,0.5894453942,21,6,-0.5459111796,0.3592912089,106.453027,55.60750361
2026-03-08T14:14:10.000Z,sim_session_0331,440.4882424,196.4107692,0.6272616076,24,7,-1.028545629,0.1552927408,112.1053467,95.86003831
2026-03-01T22:27:38.000Z,sim_session_0180,380.2090902,201.8622989,0.5880927387,30,6,-0.04717908463,-0.03442978938,125.904523,83.75062152
2026-03-04T22:24:45.000Z,sim_session_0248,314.9582396,263.3131779,0.503826011,21,6,-0.5360769654,0.1097493494,106.9502678,92.29375718
2026-02-26T18:16:35.000Z,sim_session_0108,436.6936606,132.336284,0.2500086331,7,4,1.076298938,0.4583157907,63.55050168,12.31684903
2026-03-08T08:56:44.000Z,sim_session_0326,333.5673203,90.41867511,0.4616519051,31,5,-0.8002898473,0.3642660293,122.6515995,80.24448722
2026-03-12T13:28:00.000Z,sim_session_0421,297.6782763,128.0778994,0.4619490223,17,5,-0.1431428895,0.3828767256,63.38282213,32.61196353
2026-03-14T09:54:27.000Z,sim_session_0463,284.3934416,137.6469734,0.4201460115,21,5,0.3220969785,0.3253805246,67.50365103,36.42386038
2026-03-03T10:26:12.000Z,sim_session_0214,339.5909725,159.3110264,0.59331126,28,3,-0.6614368474,0.1136814338,122.9350997,66.49900882
2026-03-04T21:21:16.000Z,sim_session_0247,332.208476,156.0136662,0.561714918,26,7,0.3743455066,0.2277289531,114.8508177,69.22438671
2026-03-15T08:07:40.000Z,sim_session_0484,331.0984768,130.9347262,0.3820853435,24,4,0.4016983531,0.3630299255,70.82539833,24.69515492
2026-03-05T10:03:07.000Z,sim_session_0259,305.6622384,210.4301754,0.548319828,23,6,0.6069743568,0.2834525547,120.4949861,88.43936892
2026-02-23T03:30:39.000Z,sim_session_0026,408.1274849,106.9170712,0.2155813291,10,2,1.041168172,0.5123139222,59.24589957,1.211358043
2026-02-25T13:42:26.000Z,sim_session_0081,396.4139237,128.9562743,0.2817482299,12,3,1.283443118,0.6158119085,66.22213911,14.03504141
2026-03-05T08:59:37.000Z,sim_session_0258,399.9088648,200.4686567,0.4308305649,27,2,0.08797489238,0.2169473871,119.9967402,70.97888862
2026-02-22T16:55:47.000Z,sim_session_0016,405.6117671,111.6928548,0.261637096,10,4,1.24711457,0.5841365163,51.71476998,1.626585276
2026-03-01T23:31:08.000Z,sim_session_0181,397.7245175,151.2049702,0.5084615059,26,6,-0.3867725648,0.3084515161,92.34779685,89.73819072
2026-03-01T10:49:17.000Z,sim_session_0169,263.7613393,190.6349785,0.5405807936,23,8,-0.02059206539,0.1829611577,88.65306333,86.1728158
2026-03-07T02:15:37.000Z,sim_session_0297,376.9819381,190.4153138,0.5682743673,31,7,-1.209365816,0.2453995631,122.3286374,77.7840383
2026-03-11T20:32:12.000Z,sim_session_0405,273.0673061,175.5773787,0.3842778825,22,4,0.7288595924,0.4256694499,80.97262864,45.03365132
2026-02-24T15:29:12.000Z,sim_session_0060,379.4059555,103.4754107,0.287429977,9,3,1.152244539,0.6203388241,51.93171166,13.5342482
2026-03-11T08:53:51.000Z,sim_session_0394,350.1370846,166.2238217,0.3695654102,20,3,-0.0554053931,0.5033809441,63.07130262,46.4879914
2026-03-04T21:21:16.000Z,sim_session_0247,332.208476,156.0136662,0.561714918,26,7,0.3743455066,0.2277289531,114.8508177,69.22438671
2026-03-14T09:54:27.000Z,sim_session_0463,284.3934416,137.6469734,0.4201460115,21,5,0.3220969785,0.3253805246,67.50365103,36.42386038
2026-02-24T19:43:09.000Z,sim_session_0064,470.085583,144.9589997,0.27242448,11,1,0.8530957019,0.570622108,51.42293583,13.57198241
2026-03-02T20:40:52.000Z,sim_session_0201,393.6257008,121.8873788,0.4513083065,26,6,-0.4319292227,0.1537872925,116.6435367,89.32638843
2026-03-14T16:15:22.000Z,sim_session_0469,323.5628861,221.7756531,0.3523007229,16,4,0.4191702159,0.5950138984,70.32137722,46.33442963
2026-03-15T23:59:59.000Z,sim_session_0499,287.4129366,121.6184185,0.3612072775,19,3,0.1564414516,0.1847634177,76.68294948,36.49849599
2026-03-10T23:22:28.000Z,sim_session_0385,361.5973634,174.0614561,0.324160592,22,5,-0.1635899837,0.3696798383,82.66865688,43.85303458
2026-03-08T00:28:50.000Z,sim_session_0318,332.5809631,322.3812492,0.4956963209,20,7,0.1117253916,0.2064589657,115.7224242,61.56452583
2026-03-11T09:57:20.000Z,sim_session_0395,303.6819422,134.7113349,0.4163900488,20,3,0.5153176826,0.4113370538,66.20761645,38.81087861
2026-03-07T07:33:03.000Z,sim_session_0302,396.3779166,156.5586179,0.5587850228,30,3,-0.4281413277,0.1414621498,106.2928962,70.95192497
2026-03-15T21:53:00.000Z,sim_session_0497,332.1706582,123.041253,0.4205037997,19,3,0.5274492652,0.4389305391,76.509891,39.70656202
2026-03-14T08:50:57.000Z,sim_session_0462,336.3105753,151.4003046,0.3467342096,14,5,-0.1036413294,0.3774432979,77.12905312,32.03684203
2026-03-08T08:56:44.000Z,sim_session_0326,333.5673203,90.41867511,0.4616519051,31,5,-0.8002898473,0.3642660293,122.6515995,80.24448722
2026-03-09T03:59:30.000Z,sim_session_0344,343.2119703,123.5878473,0.4805298582,20,3,0.1433284561,0.4781181205,82.36851092,39.50499086
2026-02-27T14:22:50.000Z,sim_session_0127,413.7048751,120.2905576,0.3007031327,11,3,1.505713108,0.7030195403,61.47246265,14.81328786
2026-03-08T08:56:44.000Z,sim_session_0326,333.5673203,90.41867511,0.4616519051,31,5,-0.8002898473,0.3642660293,122.6515995,80.24448722
2026-03-09T07:09:58.000Z,sim_session_0347,323.6527958,146.0661068,0.4222646666,18,4,0.08215667919,0.4369705926,79.6789238,35.31223
2026-02-23T00:20:11.000Z,sim_session_0023,393.4356082,102.4369527,0.2699762968,13,2,1.209189448,0.5515830567,57.37861525,15.01378913
2026-03-15T19:46:02.000Z,sim_session_0495,371.7299009,124.4541002,0.3892882171,16,4,0.4145071603,0.3946625156,82.60428142,35.68114347
2026-03-12T12:24:30.000Z,sim_session_0420,319.3777041,93.68942713,0.3621897379,22,6,-0.06469691054,0.3670608463,75.29835766,52.46858849
2026-03-08T13:10:41.000Z,sim_session_0330,395.9818748,197.8678852,0.5484628084,23,6,-0.3728005222,0.1215741491,108.7495558,73.89901134
2026-03-09T20:55:17.000Z,sim_session_0360,337.8414927,118.6826721,0.4103816706,19,4,0.4010870028,0.3156190021,65.55092811,46.10644076
2026-03-06T05:05:52.000Z,sim_session_0277,333.3302967,243.6263974,0.6605320439,25,2,-0.7192291733,0.3231875134,115.5307679,82.48913599
2026-02-23T04:34:08.000Z,sim_session_0027,385.9886426,162.5849422,0.2413773226,7,5,2.071520151,0.4828433371,57.05400835,11.70777775
2026-03-07T02:15:37.000Z,sim_session_0297,376.9819381,190.4153138,0.5682743673,31,7,-1.209365816,0.2453995631,122.3286374,77.7840383
2026-02-26T03:27:46.000Z,sim_session_0094,525.3656104,137.0257115,0.2587820641,13,3,1.053074945,0.690860136,60.2486847,11.39287957
2026-03-08T08:56:44.000Z,sim_session_0326,333.5673203,90.41867511,0.4616519051,31,5,-0.8002898473,0.3642660293,122.6515995,80.24448722
2026-02-27T01:40:59.000Z,sim_session_0115,429.9582205,139.7227263,0.2632668596,12,4,0.9135624549,0.6973894128,65.58853076,10.50962944
2026-03-07T01:12:08.000Z,sim_session_0296,345.2103656,204.7518616,0.5300225529,24,6,-0.762297385,0.2691062566,124.3597812,75.35619608
2026-03-04T01:15:01.000Z,sim_session_0228,400.5632354,314.2975369,0.5683225573,27,5,-1.224085328,0.1397280637,99.07104759,65.52995424
2026-03-01T09:45:48.000Z,sim_session_0168,391.3461835,120.1013323,0.4658836759,26,5,0.02481010489,0.168482561,90.65469264,67.31986083
2026-03-05T00:31:44.000Z,sim_session_0250,323.7196309,196.6192047,0.583757233,15,8,-0.9729802289,0.2331995493,112.4668315,90.84586391
2026-03-09T19:51:48.000Z,sim_session_0359,347.7467671,113.1177905,0.4347904475,17,5,0.6291982522,0.4741281767,81.36411722,31.93884527
2026-03-13T19:05:38.000Z,sim_session_0449,306.2207905,139.2161325,0.3422621281,15,4,0.250419609,0.3433810725,73.7609049,40.42710399
2026-03-10T19:08:31.000Z,sim_session_0381,329.8126853,99.87360052,0.4561388154,17,4,-0.08377619165,0.4526202018,70.44037997,40.70118747
2026-03-07T01:12:08.000Z,sim_session_0296,345.2103656,204.7518616,0.5300225529,24,6,-0.762297385,0.2691062566,124.3597812,75.35619608
2026-03-14T07:47:28.000Z,sim_session_0461,266.6674739,130.1020509,0.4581807216,19,3,0.09442715785,0.3440299729,77.52838519,49.36737293
2026-02-23T16:12:30.000Z,sim_session_0038,432.1610072,128.2778057,0.3284862904,4,2,1.377271897,0.4418405601,71.80759238,11.84178306
2026-03-04T01:15:01.000Z,sim_session_0228,400.5632354,314.2975369,0.5683225573,27,5,-1.224085328,0.1397280637,99.07104759,65.52995424
2026-03-13T12:44:42.000Z,sim_session_0443,320.9980992,169.9156967,0.3636775027,19,3,0.2085233487,0.3309670421,79.21326954,35.24848278
2026-02-25T17:56:23.000Z,sim_session_0085,376.4916661,121.6724215,0.2633142412,6,5,1.718698602,0.73592206,62.04170733,16.7531256
2026-03-04T07:35:56.000Z,sim_session_0234,409.0308651,158.1085141,0.5100923321,26,7,-0.3014627863,0.2911238045,111.9857862,84.89383939
2026-03-14T16:15:22.000Z,sim_session_0469,323.5628861,221.7756531,0.3523007229,16,4,0.4191702159,0.5950138984,70.32137722,46.33442963
2026-03-09T06:06:28.000Z,sim_session_0346,317.182269,158.7203471,0.373329966,18,3,-0.07462278321,0.4333549012,76.29859315,44.81356739
2026-02-24T22:53:37.000Z,sim_session_0067,411.1723739,107.2676943,0.2962339483,12,3,0.6943208048,0.653803444,51.72553559,11.17638056
2026-03-13T04:16:49.000Z,sim_session_0435,303.897282,132.0908644,0.3739481549,19,4,0.3969249774,0.3683875128,67.28864719,44.66083168
2026-03-11T01:29:26.000Z,sim_session_0387,342.7509923,161.8585607,0.4432549918,20,4,0.3268526999,0.3762740281,66.51342195,33.31281944
2026-03-11T12:04:18.000Z,sim_session_0397,308.1896915,124.7908126,0.3240825793,19,4,0.4672727528,0.2662456307,79.51511683,54.38181566
2026-03-06T23:05:09.000Z,sim_session_0294,417.4123933,179.4545496,0.5645602601,35,4,-1.2591258,0.3286590131,101.7319089,79.79293636
2026-03-07T14:57:27.000Z,sim_session_0309,336.8625816,220.0434173,0.6032988815,27,6,-0.4956791661,0.1943558903,104.2330151,75.5051657
2026-03-07T00:08:38.000Z,sim_session_0295,339.4928626,210.7265112,0.5024731896,24,7,-0.9033235545,0.129991597,106.5261717,65.71184566
2026-03-09T05:02:59.000Z,sim_session_0345,311.116457,158.9588258,0.4052719371,14,3,0.3705359829,0.5215482416,86.31187697,45.45670595
2026-03-02T13:16:27.000Z,sim_session_0194,339.805127,212.5527608,0.525412629,29,4,-0.747578621,0.1343629106,104.3436125,90.99191556
2026-03-12T08:10:34.000Z,sim_session_0416,379.9924305,130.8330302,0.3333296827,21,3,0.6898040792,0.3717970952,70.57729018,38.75429711
2026-03-07T00:08:38.000Z,sim_session_0295,339.4928626,210.7265112,0.5024731896,24,7,-0.9033235545,0.129991597,106.5261717,65.71184566
2026-02-28T08:22:07.000Z,sim_session_0144,382.7314202,106.7716622,0.245276061,7,3,0.5746793535,0.6614270438,66.03084056,8.74448706
2026-03-10T02:12:43.000Z,sim_session_0365,335.2274951,106.0280689,0.4429303133,17,3,0.2348569161,0.427734418,71.53676099,43.87767454
2026-03-08T10:00:13.000Z,sim_session_0327,349.7308918,194.7159515,0.5613581399,31,7,-0.2095883868,0.3169270109,98.30323999,87.54861892
2026-02-25T01:00:35.000Z,sim_session_0069,430.9632302,125.378269,0.261410022,11,2,1.076508503,0.736264264,51.67531158,-2.063901655
2026-03-05T06:52:39.000Z,sim_session_0256,372.9275321,180.2711262,0.6467690592,25,9,-0.3954318349,0.282640731,112.7924155,93.68784632
2026-02-24T17:36:11.000Z,sim_session_0062,392.6658464,102.2240537,0.2778795886,11,3,0.9703394168,0.6900184564,65.91530138,9.201758463
2026-03-02T23:51:20.000Z,sim_session_0204,367.6854725,189.6517639,0.6239139468,21,5,-0.4956057946,0.2878954028,95.0262683,66.8970325
2026-03-03T15:43:38.000Z,sim_session_0219,349.2655949,204.1876012,0.6348293341,20,8,-1.257268464,0.2217273158,125.7508283,84.88668524
2026-03-03T01:58:18.000Z,sim_session_0206,376.6294824,172.3226522,0.5415674123,29,7,-1.058784823,0.2655618061,99.15389378,94.1251307
2026-03-07T23:25:21.000Z,sim_session_0317,368.5189621,167.1243291,0.6287688325,25,6,-0.6358420102,0.1110209674,95.3136057,86.32868324
2026-03-09T00:49:02.000Z,sim_session_0341,288.8669884,161.4761515,0.4083100239,13,5,0.6802870682,0.3142823596,74.93746292,27.92252017
2026-03-10T11:44:06.000Z,sim_session_0374,310.7501635,132.9209168,0.4121240754,18,4,-0.1608816942,0.2522792037,70.91279143,39.94204081
2026-02-22T02:06:58.000Z,sim_session_0002,456.353509,119.0014818,0.2744541291,8,4,1.153641155,0.5571672178,57.1829316,12.66154593
2026-03-01T20:20:40.000Z,sim_session_0178,404.2588933,143.129454,0.5343822279,30,7,-0.4218947874,0.1782315307,106.1619907,82.88219063